cat_id,job_id,title,date,brand,location,url,close
391,19757793040,"Researcher, Disney Research Imagineering","Mar. 29, 2022",Disney Research,"Glendale, California, United States / Orlando, Florida, United States / Lake Buena Vista, Florida, United States",https://jobs.disneycareers.com/job/glendale/researcher-disney-research-imagineering/391/19757793040,-
391,26800277248,Associate R&D Imagineer - Creative Technologist,"Apr. 07, 2022",Walt Disney Imagineering,"Glendale, California, United States",https://jobs.disneycareers.com/job/glendale/associate-r-and-d-imagineer-creative-technologist/391/26800277248,-
391,25793337456,R&D Imagineer Principal - Business Manager,"Mar. 21, 2022",Walt Disney Imagineering,"Glendale, California, United States",https://jobs.disneycareers.com/job/glendale/r-and-d-imagineer-principal-business-manager/391/25793337456,-
391,26150444112,"Exec Asst, Walt Disney Imagineering","Mar. 27, 2022",Walt Disney Imagineering,"Orlando, Florida, United States / Lake Buena Vista, Florida, United States",https://jobs.disneycareers.com/job/orlando/exec-asst-walt-disney-imagineering/391/26150444112,-
391,26601275040,R&D Imagineer Sr. - Mechanical Design Engineer,"Apr. 03, 2022",Walt Disney Imagineering,"Glendale, California, United States",https://jobs.disneycareers.com/job/glendale/r-and-d-imagineer-sr-mechanical-design-engineer/391/26601275040,-
391,24704474768,Sr. R&D Imagineer-TPM for Intelligent Interactive Character Studio,"Mar. 03, 2022",Walt Disney Imagineering,"Glendale, California, United States",https://jobs.disneycareers.com/job/glendale/sr-r-and-d-imagineer-tpm-for-intelligent-interactive-character-studio/391/24704474768,-
391,24704474480,Associate R&D Imagineer-Tools Software Engineer,"Mar. 03, 2022",Walt Disney Imagineering,"Orlando, Florida, United States / Lake Buena Vista, Florida, United States",https://jobs.disneycareers.com/job/orlando/associate-r-and-d-imagineer-tools-software-engineer/391/24704474480,-
391,24429981920,"Senior AI/ML Research Scientist, Disney Research Imagineering","Feb. 27, 2022",Walt Disney Imagineering,"Glendale, California, United States",https://jobs.disneycareers.com/job/glendale/senior-ai-ml-research-scientist-disney-research-imagineering/391/24429981920,-
391,20042573200,"Intern, Creative Design Related","Dec. 14, 2021",Shanghai Disney Resort,"Shanghai, Mainland China",https://jobs.disneycareers.com/job/shanghai/intern-creative-design-related/391/20042573200,-
391,27441961376,Executive Assistant (Project Hire),"Apr. 17, 2022",Walt Disney Imagineering,"Glendale, California, United States",https://jobs.disneycareers.com/job/glendale/executive-assistant-project-hire/391/27441961376,-
391,26304165456,PH-Mechanical Engineer,"Mar. 29, 2022",Walt Disney Imagineering,"Glendale, California, United States",https://jobs.disneycareers.com/job/glendale/ph-mechanical-engineer/391/26304165456,-
391,24259248272,Product Mgr Sr - Business,"Feb. 24, 2022","Parks, Experiences and Products","Glendale, California, United States",https://jobs.disneycareers.com/job/glendale/product-mgr-sr-business/391/24259248272,-
391,27629588832,Show Mechanical Engineer Principal,"Apr. 20, 2022",Walt Disney Imagineering,"Orlando, Florida, United States / Lake Buena Vista, Florida, United States",https://jobs.disneycareers.com/job/orlando/show-mechanical-engineer-principal/391/27629588832,-
391,27272804544,PH-Graphic Fabrication Designer,"Apr. 14, 2022",Walt Disney Imagineering,"Orlando, Florida, United States / Lake Buena Vista, Florida, United States",https://jobs.disneycareers.com/job/orlando/ph-graphic-fabrication-designer/391/27272804544,-
391,27266426816,PH- Associate Environmental Fabrication Designer,"Apr. 14, 2022",Walt Disney Imagineering,"Orlando, Florida, United States / Lake Buena Vista, Florida, United States",https://jobs.disneycareers.com/job/orlando/ph-associate-environmental-fabrication-designer/391/27266426816,-
391,27506594224,PH-Construction Manager Sr,"Apr. 18, 2022",Walt Disney Imagineering,"Orlando, Florida, United States / Lake Buena Vista, Florida, United States",https://jobs.disneycareers.com/job/orlando/ph-construction-manager-sr/391/27506594224,-
391,26644660320,WDI Special Effects & Illusion Development Internship–Summer/Fall 2022,"Apr. 21, 2022",Walt Disney Imagineering,"Orlando, Florida, United States / Lake Buena Vista, Florida, United States",https://jobs.disneycareers.com/job/orlando/wdi-special-effects-and-illusion-development-internship-summer-fall-2022/391/26644660320,-
391,27699308208,PH-Sound Editor Mixer Sr,"Apr. 21, 2022",Walt Disney Imagineering,"Orlando, Florida, United States / Lake Buena Vista, Florida, United States",https://jobs.disneycareers.com/job/orlando/ph-sound-editor-mixer-sr/391/27699308208,-
391,25947875248,Show Writer,"Apr. 24, 2022","Parks, Experiences and Products","Chiba, Japan",https://jobs.disneycareers.com/job/chiba/show-writer/391/25947875248,-
391,27155015808,Show Electronic Engineer (Imaging Engineer),"Apr. 12, 2022",Walt Disney Imagineering,"Orlando, Florida, United States / Lake Buena Vista, Florida, United States",https://jobs.disneycareers.com/job/orlando/show-electronic-engineer-imaging-engineer/391/27155015808,-
391,26822891040,PH-Production Designer,"Apr. 07, 2022",Walt Disney Imagineering,"Orlando, Florida, United States / Lake Buena Vista, Florida, United States",https://jobs.disneycareers.com/job/orlando/ph-production-designer/391/26822891040,-
391,24573292192,"Senior Financial Analyst, Deal Analysis","Mar. 02, 2022",The Walt Disney Studios,"Burbank, California, United States",https://jobs.disneycareers.com/job/burbank/senior-financial-analyst-deal-analysis/391/24573292192,-
391,24200527168,Control Software Dev Principal,"Feb. 23, 2022",Walt Disney Imagineering,"Glendale, California, United States",https://jobs.disneycareers.com/job/glendale/control-software-dev-principal/391/24200527168,-
391,24170652720,"Analyst, Income Tax","Feb. 23, 2022",The Walt Disney Company (Corporate),"Celebration, Florida, United States",https://jobs.disneycareers.com/job/celebration/analyst-income-tax/391/24170652720,-
391,23025374752,Senior Visual Effects Designer – Expression of Interest,"Mar. 03, 2022",Walt Disney Imagineering,"Glendale, California, United States",https://jobs.disneycareers.com/job/glendale/senior-visual-effects-designer-expression-of-interest/391/23025374752,-
391,26410631728,"Manager, Design System","Apr. 12, 2022",Disney Media & Entertainment Distribution,"Seattle, Washington, United States / Bristol, Connecticut, United States",https://jobs.disneycareers.com/job/seattle/manager-design-system/391/26410631728,-
391,25293845392,Sr Designer,"Mar. 13, 2022",Disney Media & Entertainment Distribution,"Burbank, California, United States",https://jobs.disneycareers.com/job/burbank/sr-designer/391/25293845392,-
391,23385116672,"Manager, Design System","Apr. 12, 2022",Disney Media & Entertainment Distribution,"Los Angeles, California, United States / New York, New York, United States",https://jobs.disneycareers.com/job/los-angeles/manager-design-system/391/23385116672,-
391,13560672608,UX Engineer II,"Aug. 30, 2021",Disney Media & Entertainment Distribution,"Burbank, California, United States / New York, New York, United States",https://jobs.disneycareers.com/job/burbank/ux-engineer-ii/391/13560672608,-
391,27088782608,WDI Project Coordination Internship (Glendale) – Summer/Fall 2022,"Apr. 11, 2022",Walt Disney Imagineering,"Glendale, California, United States",https://jobs.disneycareers.com/job/glendale/wdi-project-coordination-internship-glendale-summer-fall-2022/391/27088782608,-
391,27077496880,Staff Coordinator,"Apr. 11, 2022",The Walt Disney Studios,"Burbank, California, United States",https://jobs.disneycareers.com/job/burbank/staff-coordinator/391/27077496880,-
391,27032698496,WDI Color and Paint Internship (Orlando) - Summer/Fall 2022,"Apr. 10, 2022",Walt Disney Imagineering,"Orlando, Florida, United States / Lake Buena Vista, Florida, United States",https://jobs.disneycareers.com/job/orlando/wdi-color-and-paint-internship-orlando-summer-fall-2022/391/27032698496,-
391,26606093104,WDI Project Coordination Internship (Orlando) – Summer/Fall 2022,"Apr. 21, 2022",Walt Disney Imagineering,"Orlando, Florida, United States / Lake Buena Vista, Florida, United States",https://jobs.disneycareers.com/job/orlando/wdi-project-coordination-internship-orlando-summer-fall-2022/391/26606093104,-
391,26435839936,WDI Graphic Design Internship (Orlando) – Summer/Fall 2022,"Mar. 31, 2022",Walt Disney Imagineering,"Orlando, Florida, United States",https://jobs.disneycareers.com/job/orlando/wdi-graphic-design-internship-orlando-summer-fall-2022/391/26435839936,-
391,26435816656,WDI Producer Design Services Intern (Orlando) - Summer/Fall 2022,"Mar. 31, 2022",Walt Disney Imagineering,"Orlando, Florida, United States",https://jobs.disneycareers.com/job/orlando/wdi-producer-design-services-intern-orlando-summer-fall-2022/391/26435816656,-
391,26421625344,WDI Visual Effects Design Intern – Glendale – Summer/Fall 2022,"Mar. 31, 2022",Walt Disney Imagineering,"Glendale, California, United States",https://jobs.disneycareers.com/job/glendale/wdi-visual-effects-design-intern-glendale-summer-fall-2022/391/26421625344,-
391,26421612896,Workflow TD,"Apr. 06, 2022",The Walt Disney Studios,"Burbank, California, United States",https://jobs.disneycareers.com/job/burbank/workflow-td/391/26421612896,-
391,25804673536,Illusion Production Mgr Sr,"Mar. 22, 2022","Parks, Experiences and Products","Glendale, California, United States",https://jobs.disneycareers.com/job/glendale/illusion-production-mgr-sr/391/25804673536,-
391,25554435232,"Manager, Fan Engagement","Mar. 17, 2022",Disney Streaming,"New York, New York, United States",https://jobs.disneycareers.com/job/new-york/manager-fan-engagement/391/25554435232,-
391,25131649216,Associate Show Electronic Designer (Show A/V Engineer),"Mar. 13, 2022",Walt Disney Imagineering,"Orlando, Florida, United States / Lake Buena Vista, Florida, United States",https://jobs.disneycareers.com/job/orlando/associate-show-electronic-designer-show-a-v-engineer/391/25131649216,-
391,25131645584,Associate Show Electronic Designer (Show Control Hardware),"Mar. 13, 2022",Walt Disney Imagineering,"Orlando, Florida, United States / Lake Buena Vista, Florida, United States",https://jobs.disneycareers.com/job/orlando/associate-show-electronic-designer-show-control-hardware/391/25131645584,-
391,24641873728,Digital Marketing Coordinator,"Mar. 02, 2022",The Walt Disney Studios,"Burbank, California, United States",https://jobs.disneycareers.com/job/burbank/digital-marketing-coordinator/391/24641873728,-
391,24259253248,BIM & VDC Mgr,"Feb. 24, 2022",Walt Disney Imagineering,"Glendale, California, United States",https://jobs.disneycareers.com/job/glendale/bim-and-vdc-mgr/391/24259253248,-
391,24200527440,"Manager, Creative Marketing Brand Partnerships","Feb. 23, 2022",The Walt Disney Studios,"Burbank, California, United States",https://jobs.disneycareers.com/job/burbank/manager-creative-marketing-brand-partnerships/391/24200527440,-
391,23870703344,"Director, Enterprise Architecture","Feb. 17, 2022",The Walt Disney Company (Corporate),"Celebration, Florida, United States",https://jobs.disneycareers.com/job/celebration/director-enterprise-architecture/391/23870703344,-
391,23333465824,Business Operations Manager,"Feb. 08, 2022",The Walt Disney Studios,"Burbank, California, United States",https://jobs.disneycareers.com/job/burbank/business-operations-manager/391/23333465824,-
391,21407266064,Software Dev Lead,"Feb. 22, 2022",Walt Disney Imagineering,"Glendale, California, United States",https://jobs.disneycareers.com/job/glendale/software-dev-lead/391/21407266064,-
391,17617622720,Sr. (Data) Marketing Scientist,"Nov. 04, 2021",The Walt Disney Studios,"Burbank, California, United States",https://jobs.disneycareers.com/job/burbank/sr-data-marketing-scientist/391/17617622720,-
391,7255959040,Project Interpreter/Translator (English/Japanese),"Apr. 23, 2022","Parks, Experiences and Products","Chiba, Japan",https://jobs.disneycareers.com/job/chiba/project-interpreter-translator-english-japanese/391/7255959040,-
391,25793359904,Associate Product Manager (PH),"Mar. 21, 2022",Walt Disney Imagineering,"Orlando, Florida, United States / Lake Buena Vista, Florida, United States",https://jobs.disneycareers.com/job/orlando/associate-product-manager-ph/391/25793359904,-
391,26156951712,"Ingénieur Etude de Prix / Quantity Surveyor H/F, CDIC","Mar. 28, 2022",Disneyland Paris,"Marne-la-Vallée, France",https://jobs.disneycareers.com/job/marne-la-vallee/ingenieur-etude-de-prix-quantity-surveyor-h-f-cdic/391/26156951712,-
391,27457761616,"Editor, Disney Publishing Worldwide","Apr. 18, 2022",Disney Publishing Worldwide,"Celebration, Florida, United States",https://jobs.disneycareers.com/job/celebration/editor-disney-publishing-worldwide/391/27457761616,-
391,26779119872,Senior Production Accountant,"Apr. 18, 2022",General Entertainment Content,"Burbank, California, United States",https://jobs.disneycareers.com/job/burbank/senior-production-accountant/391/26779119872,-
391,26377407008,Manager-Programming Strategy& Insights,"Apr. 01, 2022",Star,"Mumbai, India",https://jobs.disneycareers.com/job/mumbai/manager-programming-strategy-and-insights/391/26377407008,-
391,25922527760,"Sr Analyst, Data Visualization","Mar. 23, 2022",The Walt Disney Company (Corporate),"California, United States",https://jobs.disneycareers.com/job/california/sr-analyst-data-visualization/391/25922527760,-
391,23329326352,"Senior Designer, Publishing","Mar. 06, 2022","Parks, Experiences and Products","Kissimmee, Florida, United States",https://jobs.disneycareers.com/job/kissimmee/senior-designer-publishing/391/23329326352,-
391,23183053712,"Senior Researcher, Consumer Insight","Feb. 06, 2022",Shanghai Disney Resort,"Shanghai, Mainland China",https://jobs.disneycareers.com/job/shanghai/senior-researcher-consumer-insight/391/23183053712,-
391,16234915008,2D Character Designer - Expression of Interest Marvel Animation,"Oct. 12, 2021",Marvel Studios,"Burbank, California, United States",https://jobs.disneycareers.com/job/burbank/2d-character-designer-expression-of-interest-marvel-animation/391/16234915008,-
391,27611761792,Secretary 1 (Project Hire),"Apr. 20, 2022",Walt Disney Imagineering,"Glendale, California, United States",https://jobs.disneycareers.com/job/glendale/secretary-1-project-hire/391/27611761792,-
391,27435580336,TA(P)-Talent Acquisition Specialist,"Apr. 17, 2022","Parks, Experiences and Products","Orlando, Florida, United States / Lake Buena Vista, Florida, United States / Glendale, California, United States",https://jobs.disneycareers.com/job/orlando/ta-p-talent-acquisition-specialist/391/27435580336,-
391,26829879952,"Manager, Product Design - Globalization","Apr. 07, 2022",Disney Streaming,"New York, New York, United States",https://jobs.disneycareers.com/job/new-york/manager-product-design-globalization/391/26829879952,-
391,26724244240,WDI Set Decoration Internship (Orlando) – Summer/Fall 2022,"Apr. 05, 2022",Walt Disney Imagineering,"Orlando, Florida, United States",https://jobs.disneycareers.com/job/orlando/wdi-set-decoration-internship-orlando-summer-fall-2022/391/26724244240,-
391,26216960336,Director Product - Identity Platforms,"Mar. 28, 2022",Disney Streaming,"New York, New York, United States",https://jobs.disneycareers.com/job/new-york/director-product-identity-platforms/391/26216960336,-
391,25351505360,"Health & Safety Supervisor, Marketing and Content (PH)","Apr. 03, 2022",The Walt Disney Studios,"Burbank, California, United States",https://jobs.disneycareers.com/job/burbank/health-and-safety-supervisor-marketing-and-content-ph/391/25351505360,-
391,24636972224,"Associate Project Manager, Repurposing","Mar. 02, 2022",The Walt Disney Studios,"Burbank, California, United States",https://jobs.disneycareers.com/job/burbank/associate-project-manager-repurposing/391/24636972224,-
391,24636944096,"Manager, Creative Advertising","Mar. 02, 2022",The Walt Disney Studios,"Burbank, California, United States",https://jobs.disneycareers.com/job/burbank/manager-creative-advertising/391/24636944096,-
391,24588543440,"Executive Director, Marketing Science","Mar. 01, 2022",Disney Streaming,"New York, New York, United States",https://jobs.disneycareers.com/job/new-york/executive-director-marketing-science/391/24588543440,-
391,21286977968,"Director, Product Management, Partner Growth","Jan. 04, 2022",Disney Streaming,"San Francisco, California, United States",https://jobs.disneycareers.com/job/san-francisco/director-product-management-partner-growth/391/21286977968,-
391,27550252256,"Senior Manager, Finance, Disney Publishing","Apr. 19, 2022","Parks, Experiences and Products","Orlando, Florida, United States / Lake Buena Vista, Florida, United States",https://jobs.disneycareers.com/job/orlando/senior-manager-finance-disney-publishing/391/27550252256,-
391,27506594064,PH-Superintendent,"Apr. 18, 2022",Walt Disney Imagineering,"Orlando, Florida, United States / Lake Buena Vista, Florida, United States",https://jobs.disneycareers.com/job/orlando/ph-superintendent/391/27506594064,-
391,27200312192,Streaming Media Assistant,"Apr. 13, 2022",Disney Streaming,"New York, New York, United States / San Francisco, California, United States",https://jobs.disneycareers.com/job/new-york/streaming-media-assistant/391/27200312192,-
391,27150046384,Multicultural Marketing Strategy Associate,"Apr. 12, 2022","Parks, Experiences and Products","Celebration, Florida, United States",https://jobs.disneycareers.com/job/celebration/multicultural-marketing-strategy-associate/391/27150046384,-
391,27082386416,Senior Production Accountant,"Apr. 11, 2022",General Entertainment Content,"Burbank, California, United States",https://jobs.disneycareers.com/job/burbank/senior-production-accountant/391/27082386416,-
391,26779112624,Streaming Media Assistant,"Apr. 06, 2022",Disney Streaming,"San Francisco, California, United States",https://jobs.disneycareers.com/job/san-francisco/streaming-media-assistant/391/26779112624,-
391,26761268944,Land Surveyor- Infrastructure Program Development,"Apr. 06, 2022","Parks, Experiences and Products","Orlando, Florida, United States / Lake Buena Vista, Florida, United States",https://jobs.disneycareers.com/job/orlando/land-surveyor-infrastructure-program-development/391/26761268944,-
391,26637704064,"Culinary Cook 2 (Prep Cook)- Full Time, Walt Disney World","Apr. 04, 2022",Walt Disney World Resort,"Orlando, Florida, United States / Lake Buena Vista, Florida, United States",https://jobs.disneycareers.com/job/orlando/culinary-cook-2-prep-cook-full-time-walt-disney-world/391/26637704064,-
391,26637703936,"Culinary Cook 2 (Prep Cook)- Part Time, Walt Disney World","Apr. 04, 2022",Walt Disney World Resort,"Orlando, Florida, United States / Lake Buena Vista, Florida, United States",https://jobs.disneycareers.com/job/orlando/culinary-cook-2-prep-cook-part-time-walt-disney-world/391/26637703936,-
391,26415117168,Senior Manager - Marketing Strategy (Multicultural),"Apr. 17, 2022",Walt Disney World Resort,"Celebration, Florida, United States",https://jobs.disneycareers.com/job/celebration/senior-manager-marketing-strategy-multicultural/391/26415117168,-
391,26288058352,Senior Manager-Packaging Design,"Apr. 22, 2022","Parks, Experiences and Products","Kissimmee, Florida, United States",https://jobs.disneycareers.com/job/kissimmee/senior-manager-packaging-design/391/26288058352,-
391,26229767216,HR Data & Process Analyst (IA),"Mar. 28, 2022",The Walt Disney Studios,"Burbank, California, United States / United States",https://jobs.disneycareers.com/job/burbank/hr-data-and-process-analyst-ia/391/26229767216,-
391,25854477200,Manager - Production Finance,"Mar. 22, 2022",General Entertainment Content,"Burbank, California, United States",https://jobs.disneycareers.com/job/burbank/manager-production-finance/391/25854477200,-
391,25767070000,National Lead - New Category Development,"Mar. 22, 2022",Star,"Bengaluru, India",https://jobs.disneycareers.com/job/bengaluru/national-lead-new-category-development/391/25767070000,-
391,25747556960,Workday Talent Acquisition Analyst (12 month Project Hire),"Mar. 20, 2022",The Walt Disney Company (Corporate),"California, United States",https://jobs.disneycareers.com/job/california/workday-talent-acquisition-analyst-12-month-project-hire/391/25747556960,-
391,25747556816,Workday Reporting Analyst (12 month Project Hire),"Mar. 20, 2022",The Walt Disney Company (Corporate),"California, United States",https://jobs.disneycareers.com/job/california/workday-reporting-analyst-12-month-project-hire/391/25747556816,-
391,25747556656,Workday Reporting Analyst (12 month Project Hire),"Mar. 20, 2022",The Walt Disney Company (Corporate),"California, United States",https://jobs.disneycareers.com/job/california/workday-reporting-analyst-12-month-project-hire/391/25747556656,-
391,25137368128,Data Integration Analyst (PH),"Mar. 10, 2022",The Walt Disney Company (Corporate),"Burbank, California, United States / Orlando, Florida, United States",https://jobs.disneycareers.com/job/burbank/data-integration-analyst-ph/391/25137368128,-
391,25137360720,Data Integration Analyst-Replatform (PH),"Mar. 10, 2022",The Walt Disney Company (Corporate),"Burbank, California, United States / Orlando, Florida, United States",https://jobs.disneycareers.com/job/burbank/data-integration-analyst-replatform-ph/391/25137360720,-
391,25001098864,HR Decision Science Engineer-Remote,"Mar. 09, 2022",The Walt Disney Company (Corporate),"Orlando, Florida, United States / Lake Buena Vista, Florida, United States / Remote, Canada",https://jobs.disneycareers.com/job/orlando/hr-decision-science-engineer-remote/391/25001098864,-
391,24864114304,Senior Network Operator,"Mar. 06, 2022",Disney Streaming,"San Francisco, California, United States",https://jobs.disneycareers.com/job/san-francisco/senior-network-operator/391/24864114304,-
391,23892498304,Lifeguard - Part Time,"Apr. 20, 2022",Disneyland Resort,"Anaheim, California, United States",https://jobs.disneycareers.com/job/anaheim/lifeguard-part-time/391/23892498304,-
391,22783767312,Effects Animator,"Mar. 29, 2022",Walt Disney Animation Studios,"Burbank, California, United States",https://jobs.disneycareers.com/job/burbank/effects-animator/391/22783767312,-
391,20892574592,Senior Network Operator,"Dec. 28, 2021",Disney Streaming,"New York, New York, United States",https://jobs.disneycareers.com/job/new-york/senior-network-operator/391/20892574592,-
391,16360548592,Data Integration Engineer,"Dec. 27, 2021",The Walt Disney Company (Corporate),"Orlando, Florida, United States / Lake Buena Vista, Florida, United States",https://jobs.disneycareers.com/job/orlando/data-integration-engineer/391/16360548592,-
391,5726106000,"Host/ Hostess, Front Desk (Part Time)","Feb. 06, 2022",Shanghai Disney Resort,"Shanghai, Mainland China",https://jobs.disneycareers.com/job/shanghai/host-hostess-front-desk-part-time/391/5726106000,-
391,27851186288,Senior Mechanical Engineer-Utility and Sustaining,"Apr. 24, 2022","Parks, Experiences and Products","Anaheim, California, United States",https://jobs.disneycareers.com/job/anaheim/senior-mechanical-engineer-utility-and-sustaining/391/27851186288,-
391,27851185408,Staff Mechanical Engineer-Utility and Sustaining,"Apr. 24, 2022","Parks, Experiences and Products","Anaheim, California, United States",https://jobs.disneycareers.com/job/anaheim/staff-mechanical-engineer-utility-and-sustaining/391/27851185408,-
391,27662461456,Manager-Records & Information Management,"Apr. 21, 2022",The Walt Disney Company (Corporate),"Mumbai, India",https://jobs.disneycareers.com/job/mumbai/manager-records-and-information-management/391/27662461456,-
391,27635838304,Communications Technology Specialist,"Apr. 20, 2022","Parks, Experiences and Products","Orlando, Florida, United States / Lake Buena Vista, Florida, United States",https://jobs.disneycareers.com/job/orlando/communications-technology-specialist/391/27635838304,-
391,27629594304,Sr UX Engineer (IA),"Apr. 20, 2022",Disney Media & Entertainment Distribution,"Burbank, California, United States / Bristol, Connecticut, United States",https://jobs.disneycareers.com/job/burbank/sr-ux-engineer-ia/391/27629594304,-
391,27625241008,Sr. Art Director- CPGP,"Apr. 20, 2022","Parks, Experiences and Products","Celebration, Florida, United States",https://jobs.disneycareers.com/job/celebration/sr-art-director-cpgp/391/27625241008,-
391,27579278544,"Manager, Finance, Marvel/Fox/Softlines","Apr. 19, 2022",Disney Licensing,"Orlando, Florida, United States / Lake Buena Vista, Florida, United States",https://jobs.disneycareers.com/job/orlando/manager-finance-marvel-fox-softlines/391/27579278544,-
391,27559459632,"Director, Graphic Design","Apr. 20, 2022","Parks, Experiences and Products","Kissimmee, Florida, United States",https://jobs.disneycareers.com/job/kissimmee/director-graphic-design/391/27559459632,-
391,27550252288,Business Affairs Manager,"Apr. 19, 2022","Parks, Experiences and Products","Celebration, Florida, United States",https://jobs.disneycareers.com/job/celebration/business-affairs-manager/391/27550252288,-
391,27517914032,"Assistant Manager, Communications","Apr. 18, 2022","Parks, Experiences and Products","Orlando, Florida, United States / Lake Buena Vista, Florida, United States",https://jobs.disneycareers.com/job/orlando/assistant-manager-communications/391/27517914032,-
391,27506595200,"WDI Project Management Internship, Glendale, CA - Summer 2022","Apr. 18, 2022",Walt Disney Imagineering,"Glendale, California, United States",https://jobs.disneycareers.com/job/glendale/wdi-project-management-internship-glendale-ca-summer-2022/391/27506595200,-
391,27446648784,Senior Workforce Analyst,"Apr. 17, 2022",The Walt Disney Company (Corporate),"Burbank, California, United States",https://jobs.disneycareers.com/job/burbank/senior-workforce-analyst/391/27446648784,-
391,27266426752,Senior Executive Assistant,"Apr. 14, 2022","Parks, Experiences and Products","Orlando, Florida, United States / Lake Buena Vista, Florida, United States",https://jobs.disneycareers.com/job/orlando/senior-executive-assistant/391/27266426752,-
391,27211199744,Senior IT Auditor,"Apr. 13, 2022",The Walt Disney Company (Corporate),"Glendale, California, United States",https://jobs.disneycareers.com/job/glendale/senior-it-auditor/391/27211199744,-
391,27168034960,Junior Designer,"Apr. 13, 2022",Disney Media & Entertainment Distribution,"Melbourne, Australia",https://jobs.disneycareers.com/job/melbourne/junior-designer/391/27168034960,-
391,27103436176,Records & Information (RIM) Manager,"Apr. 11, 2022",The Walt Disney Company (Corporate),"Burbank, California, United States",https://jobs.disneycareers.com/job/burbank/records-and-information-rim-manager/391/27103436176,-
391,26688731728,Procurement Spend Analyst,"Apr. 05, 2022",The Walt Disney Company (Corporate),"Melbourne, Australia",https://jobs.disneycareers.com/job/melbourne/procurement-spend-analyst/391/26688731728,-
391,26387015248,Senior Finance Analyst - FMCG,"Mar. 31, 2022","Parks, Experiences and Products","London, United Kingdom",https://jobs.disneycareers.com/job/london/senior-finance-analyst-fmcg/391/26387015248,-
391,26208292368,Lead Product Designer UI H/F - CDI,"Mar. 29, 2022",Disneyland Paris,"Chessy, France",https://jobs.disneycareers.com/job/chessy/lead-product-designer-ui-h-f-cdi/391/26208292368,-
391,26156952000,Senior Copywriter - CPGP,"Apr. 17, 2022","Parks, Experiences and Products","Celebration, Florida, United States",https://jobs.disneycareers.com/job/celebration/senior-copywriter-cpgp/391/26156952000,-
391,26156951968,Senior Art Director- CPGP,"Apr. 17, 2022","Parks, Experiences and Products","Celebration, Florida, United States",https://jobs.disneycareers.com/job/celebration/senior-art-director-cpgp/391/26156951968,-
391,26149998512,PMO/BD- Telugu,"Mar. 28, 2022",Disney+ Hotstar,"Hyderabad, India",https://jobs.disneycareers.com/job/hyderabad/pmo-bd-telugu/391/26149998512,-
391,25854469776,QE Operator (Part-Time),"Mar. 22, 2022",Disney Streaming,"New York, New York, United States",https://jobs.disneycareers.com/job/new-york/qe-operator-part-time/391/25854469776,-
391,25561189520,Data Analyst,"Mar. 17, 2022",Disney Streaming,"Santa Monica, California, United States",https://jobs.disneycareers.com/job/santa-monica/data-analyst/391/25561189520,-
391,25561188240,Sr Data Analyst,"Mar. 17, 2022",Disney Streaming,"Santa Monica, California, United States",https://jobs.disneycareers.com/job/santa-monica/sr-data-analyst/391/25561188240,-
391,25435107648,HR Decision Scientist (PH),"Mar. 15, 2022",The Walt Disney Company (Corporate),"Orlando, Florida, United States / Lake Buena Vista, Florida, United States / Remote, Finland",https://jobs.disneycareers.com/job/orlando/hr-decision-scientist-ph/391/25435107648,-
391,25137365136,"Manager, Data Governance","Mar. 10, 2022",The Walt Disney Company (Corporate),United States,https://jobs.disneycareers.com/job/united-states/manager-data-governance/391/25137365136,-
391,25072492976,"DMS Asset Artist - Feature Animation & VFX (Expression of Interest) Vancouver, BC","Mar. 10, 2022",Industrial Light & Magic,"Vancouver, Canada",https://jobs.disneycareers.com/job/vancouver/dms-asset-artist-feature-animation-and-vfx-expression-of-interest-vancouver-bc/391/25072492976,-
391,25013171808,"Manager, Technology (SRE)","Mar. 08, 2022","Parks, Experiences and Products","Orlando, Florida, United States / Lake Buena Vista, Florida, United States",https://jobs.disneycareers.com/job/orlando/manager-technology-sre/391/25013171808,-
391,25013167568,"Sr Product Manager II, Player Tools and Testing","Mar. 27, 2022",Disney Streaming,"New York, New York, United States / Burbank, California, United States",https://jobs.disneycareers.com/job/new-york/sr-product-manager-ii-player-tools-and-testing/391/25013167568,-
391,25001098880,HR Decision Scientist-Remote,"Mar. 08, 2022",The Walt Disney Company (Corporate),"Orlando, Florida, United States / Lake Buena Vista, Florida, United States",https://jobs.disneycareers.com/job/orlando/hr-decision-scientist-remote/391/25001098880,-
391,24573302128,Lead Technical Analyst,"Mar. 01, 2022",Disney Streaming,"Santa Monica, California, United States",https://jobs.disneycareers.com/job/santa-monica/lead-technical-analyst/391/24573302128,-
391,24124709104,"Sr Manager, Product Marketing, Combo+","Feb. 22, 2022",Disney Streaming,"New York, New York, United States",https://jobs.disneycareers.com/job/new-york/sr-manager-product-marketing-combo/391/24124709104,-
391,21392955472,"Manager, Data Integration","Jan. 06, 2022",The Walt Disney Company (Corporate),"Orlando, Florida, United States / Lake Buena Vista, Florida, United States",https://jobs.disneycareers.com/job/orlando/manager-data-integration/391/21392955472,-
391,20429183952,Technical Analyst- Distribution Operations ( 2 pm-10 pm PST),"Dec. 20, 2021",Disney Streaming,"San Francisco, California, United States / Santa Monica, California, United States",https://jobs.disneycareers.com/job/san-francisco/technical-analyst-distribution-operations-2-pm-10-pm-pst/391/20429183952,-
391,20143592448,Ad Operations Executive,"Apr. 10, 2022",Disney Media & Entertainment Distribution,"Moore Park, Australia",https://jobs.disneycareers.com/job/moore-park/ad-operations-executive/391/20143592448,-
391,582588672,Senior/Ride Technician - Electrical & Instrumental/Mechanical,"Mar. 20, 2022",Shanghai Disney Resort,"Shanghai, Mainland China",https://jobs.disneycareers.com/job/shanghai/senior-ride-technician-electrical-and-instrumental-mechanical/391/582588672,-
391,4534138000,Cook,"Apr. 17, 2022",Shanghai Disney Resort,"Shanghai, Mainland China",https://jobs.disneycareers.com/job/shanghai/cook/391/4534138000,-
391,4534137840,"Host/ Hostess, Bell Services - ￥2500 Sign-on Bonus","Mar. 30, 2022",Shanghai Disney Resort,"Shanghai, Mainland China",https://jobs.disneycareers.com/job/shanghai/host-hostess-bell-services-2500-sign-on-bonus/391/4534137840,-
391,4534137040,"Host/ Hostess, Front Desk - ￥2500 Sign-on Bonus","Mar. 20, 2022",Shanghai Disney Resort,"Shanghai, Mainland China",https://jobs.disneycareers.com/job/shanghai/host-hostess-front-desk-2500-sign-on-bonus/391/4534137040,-
391,27780781936,"Stage Technician, Entertainment (Repair and Maintenance Technician)","Apr. 23, 2022",Shanghai Disney Resort,"Shanghai, Mainland China",https://jobs.disneycareers.com/job/shanghai/stage-technician-entertainment-repair-and-maintenance-technician/391/27780781936,-
391,27579281248,"Yellow Shoes Creative Art Direction Internship, Fall 2022","Apr. 19, 2022","Parks, Experiences and Products","Glendale, California, United States",https://jobs.disneycareers.com/job/glendale/yellow-shoes-creative-art-direction-internship-fall-2022/391/27579281248,-
391,27550311504,Stage - Assistant chargé de marketing franchise H/F,"Apr. 20, 2022",Disneyland Paris,"Chessy, France",https://jobs.disneycareers.com/job/chessy/stage-assistant-charge-de-marketing-franchise-h-f/391/27550311504,-
391,27478060016,"Host/Hostess, Park Greeter and Ticket Seller","Apr. 18, 2022",Shanghai Disney Resort,"Shanghai, Mainland China",https://jobs.disneycareers.com/job/shanghai/host-hostess-park-greeter-and-ticket-seller/391/27478060016,-
391,27478059968,"Host/Hostess, Security","Apr. 18, 2022",Shanghai Disney Resort,"Shanghai, Mainland China",https://jobs.disneycareers.com/job/shanghai/host-hostess-security/391/27478059968,-
391,27478059952,Fire Safety Operator,"Apr. 18, 2022",Shanghai Disney Resort,"Shanghai, Mainland China",https://jobs.disneycareers.com/job/shanghai/fire-safety-operator/391/27478059952,-
391,27478059936,"Host/Hostess, Custodial","Apr. 18, 2022",Shanghai Disney Resort,"Shanghai, Mainland China",https://jobs.disneycareers.com/job/shanghai/host-hostess-custodial/391/27478059936,-
391,27225844592,"Product and Design Intern, Technology and Digital Internship Program","Apr. 17, 2022",Shanghai Disney Resort,"Shanghai, Mainland China",https://jobs.disneycareers.com/job/shanghai/product-and-design-intern-technology-and-digital-internship-program/391/27225844592,-
391,27225844352,"Engineering Intern, Technology and Digital Internship Program","Apr. 17, 2022",Shanghai Disney Resort,"Shanghai, Mainland China",https://jobs.disneycareers.com/job/shanghai/engineering-intern-technology-and-digital-internship-program/391/27225844352,-
391,27155014240,"Vacation Club Guide-Timeshare Sales, Disney Vacation Club","Apr. 12, 2022","Parks, Experiences and Products","Anaheim, California, United States",https://jobs.disneycareers.com/job/anaheim/vacation-club-guide-timeshare-sales-disney-vacation-club/391/27155014240,-
391,27155014208,"Vacation Club Guide-Timeshare Sales, Disney Vacation Club","Apr. 12, 2022","Aulani, A Disney Resort & Spa","Kapolei, Hawaii, United States",https://jobs.disneycareers.com/job/kapolei/vacation-club-guide-timeshare-sales-disney-vacation-club/391/27155014208,-
391,27064544304,"Food & Beverage FOH, Cashier and Food Service Worker-Part Time","Apr. 20, 2022",Disneyland Resort,"Anaheim, California, United States",https://jobs.disneycareers.com/job/anaheim/food-and-beverage-foh-cashier-and-food-service-worker-part-time/391/27064544304,-
391,26994281984,STAGE - ASSISTANT(E) COMMUNICATION (F/H),"Apr. 11, 2022",Disney Media & Entertainment Distribution,"Paris, France",https://jobs.disneycareers.com/job/paris/stage-assistant-e-communication-f-h/391/26994281984,-
391,26992390832,"Senior Manager, Digital Accounts Management","Apr. 10, 2022",Disney Media & Entertainment Distribution,"Moore Park, Australia",https://jobs.disneycareers.com/job/moore-park/senior-manager-digital-accounts-management/391/26992390832,-
391,26713166704,Senior Financial Reporting Analyst,"Apr. 05, 2022",The Walt Disney Company (Corporate),"Glendale, California, United States",https://jobs.disneycareers.com/job/glendale/senior-financial-reporting-analyst/391/26713166704,-
391,26699601072,"Senior Manager, Financial Systems","Apr. 12, 2022",The Walt Disney Company (Corporate),"Glendale, California, United States",https://jobs.disneycareers.com/job/glendale/senior-manager-financial-systems/391/26699601072,-
391,26688732128,Creative Services Executive,"Apr. 05, 2022",Disney Media & Entertainment Distribution,"Melbourne, Australia",https://jobs.disneycareers.com/job/melbourne/creative-services-executive/391/26688732128,-
391,26469543424,"Food Prep - Part Time - $1,000 Hiring Bonus","Apr. 22, 2022",Disneyland Resort,"Anaheim, California, United States",https://jobs.disneycareers.com/job/anaheim/food-prep-part-time-1-000-hiring-bonus/391/26469543424,-
391,26469540640,"Parks Food & Beverage Busser - Part Time - $1,000 Hiring Bonus","Apr. 10, 2022",Disneyland Resort,"Anaheim, California, United States",https://jobs.disneycareers.com/job/anaheim/parks-food-and-beverage-busser-part-time-1-000-hiring-bonus/391/26469540640,-
391,26439104800,Stage Technician (Lighting/Audio/Video/Rigging/Props/Automation),"Apr. 23, 2022",Shanghai Disney Resort,"Shanghai, Mainland China",https://jobs.disneycareers.com/job/shanghai/stage-technician-lighting-audio-video-rigging-props-automation/391/26439104800,-
391,26208290944,Lead Product Designer UX H/F - CDI,"Mar. 29, 2022",Disneyland Paris,"Chessy, France",https://jobs.disneycareers.com/job/chessy/lead-product-designer-ux-h-f-cdi/391/26208290944,-
391,26200510976,Chef de Partie,"Apr. 14, 2022",Shanghai Disney Resort,"Shanghai, Mainland China",https://jobs.disneycareers.com/job/shanghai/chef-de-partie/391/26200510976,-
391,26192258656,"Data Analyst, Disney+","Mar. 28, 2022",Disney Streaming,"Melbourne, Australia",https://jobs.disneycareers.com/job/melbourne/data-analyst-disney/391/26192258656,-
391,26139685376,"H/H, Merchandise–Hongqiao Airport Store","Mar. 27, 2022",Shanghai Disney Resort,"Shanghai, Mainland China",https://jobs.disneycareers.com/job/shanghai/h-h-merchandise-hongqiao-airport-store/391/26139685376,-
391,25386102496,"Marketing Executive, Content Sales","Apr. 09, 2022",Disney Media & Entertainment Distribution,"Moore Park, Australia",https://jobs.disneycareers.com/job/moore-park/marketing-executive-content-sales/391/25386102496,-
391,24636969824,Technical Program Manager,"Mar. 02, 2022",Disney Streaming,"San Francisco, California, United States",https://jobs.disneycareers.com/job/san-francisco/technical-program-manager/391/24636969824,-
391,24573315312,"Sr. Product Manager I, Native Video Player","Mar. 01, 2022",Disney Streaming,"Santa Monica, California, United States / New York, New York, United States",https://jobs.disneycareers.com/job/santa-monica/sr-product-manager-i-native-video-player/391/24573315312,-
391,24525310416,Costuming Service Attendant （Part-time）,"Feb. 28, 2022",Shanghai Disney Resort,"Shanghai, Mainland China",https://jobs.disneycareers.com/job/shanghai/costuming-service-attendant-part-time/391/24525310416,-
391,24184282736,"Sr. Product Manager I, Video Player","Feb. 23, 2022",Disney Streaming,"New York, New York, United States / San Francisco, California, United States",https://jobs.disneycareers.com/job/new-york/sr-product-manager-i-video-player/391/24184282736,-
391,24062203024,"Senior Manager, Corporate Alliances Strategy","Feb. 21, 2022",The Walt Disney Company (Corporate),"Glendale, California, United States",https://jobs.disneycareers.com/job/glendale/senior-manager-corporate-alliances-strategy/391/24062203024,-
391,23086003744,Electronic Technician (Sound Mechanic) - Full Time,"Feb. 04, 2022",Disneyland Resort,"Anaheim, California, United States",https://jobs.disneycareers.com/job/anaheim/electronic-technician-sound-mechanic-full-time/391/23086003744,-
391,22166953472,"Associate Manager, Operating Participants","Jan. 22, 2022",Shanghai Disney Resort,"Shanghai, Mainland China",https://jobs.disneycareers.com/job/shanghai/associate-manager-operating-participants/391/22166953472,-
391,1803495712,"Host/Hostess, Table service restaurant (waiter/waitress)","Mar. 20, 2022",Shanghai Disney Resort,"Shanghai, Mainland China",https://jobs.disneycareers.com/job/shanghai/host-hostess-table-service-restaurant-waiter-waitress/391/1803495712,-
391,17880405088,"Host/Hostess, Merchandise ICS","Mar. 20, 2022",Shanghai Disney Resort,"Shanghai, Mainland China",https://jobs.disneycareers.com/job/shanghai/host-hostess-merchandise-ics/391/17880405088,-
391,17501995776,"Manager, HR Business Partner","Jan. 24, 2022","Parks, Experiences and Products","Kissimmee, Florida, United States",https://jobs.disneycareers.com/job/kissimmee/manager-hr-business-partner/391/17501995776,-
391,13224178928,"Senior Product Manager, Partner Journey – Disney Streaming","Aug. 25, 2021",Hulu,"New York, New York, United States / San Francisco, California, United States",https://jobs.disneycareers.com/job/new-york/senior-product-manager-partner-journey-disney-streaming/391/13224178928,-
391,27716762704,"Disney Central Orlando Job Fair - $1,500 New Hire Bonus, May 9, 2022","Apr. 22, 2022",Walt Disney World Resort,"Orlando, Florida, United States",https://jobs.disneycareers.com/job/orlando/disney-central-orlando-job-fair-1-500-new-hire-bonus-may-9-2022/391/27716762704,-
391,27550252720,Sr Software Engineer,"Apr. 19, 2022",Disney Media & Entertainment Distribution,"Bristol, Connecticut, United States",https://jobs.disneycareers.com/job/bristol/sr-software-engineer/391/27550252720,-
391,26812101776,Executive Director/ Director of Product- Customer Experience,"Apr. 08, 2022",Disney+ Hotstar,"Bengaluru, India / Gurgaon, India / Mumbai, India",https://jobs.disneycareers.com/job/bengaluru/executive-director-director-of-product-customer-experience/391/26812101776,-
391,26614896800,"Disney Central Tampa Job Fair - $1,500 New Hire Bonus, April 25, 2022","Apr. 21, 2022",Walt Disney World Resort,"Tampa, Florida, United States",https://jobs.disneycareers.com/job/tampa/disney-central-tampa-job-fair-1-500-new-hire-bonus-april-25-2022/391/26614896800,-
391,24214078320,Character Event Captain,"Mar. 22, 2022",Shanghai Disney Resort,"Shanghai, Mainland China",https://jobs.disneycareers.com/job/shanghai/character-event-captain/391/24214078320,-
391,12128248944,"Captain, Table Service Restaurants (fine dining)","Apr. 14, 2022",Shanghai Disney Resort,"Shanghai, Mainland China",https://jobs.disneycareers.com/job/shanghai/captain-table-service-restaurants-fine-dining/391/12128248944,-
